{
  "loss": 0.3992099162745983,
  "miou_l0": 0.7786861062049866,
  "miou_l1": 0.6222701072692871,
  "miou_l2": 0.4819404184818268,
  "iou_l0": {
    "background": 0.9375336766242981,
    "body": 0.7786861062049866
  },
  "iou_l1": {
    "background": 0.9372395873069763,
    "upper_body": 0.783271849155426,
    "lower_body": 0.4612683355808258
  },
  "iou_l2": {
    "background": 0.9359242916107178,
    "low_hand": 0.4262654483318329,
    "torso": 0.5474292039871216,
    "low_leg": 0.32484138011932373,
    "head": 0.8063383102416992,
    "up_leg": 0.37801602482795715,
    "up_hand": 0.4087521433830261
  },
  "avg_loss": 0.3992099162745983,
  "avg_ce_l0": 0.1425404849838703,
  "avg_ce_l1": 0.17497302311743404,
  "avg_ce_l2": 0.2760101786107882,
  "avg_consistency": 0.00039055881111928865
}
