{
  "loss": 0.3827740550041199,
  "miou_l0": 0.7768568992614746,
  "miou_l1": 0.6200044751167297,
  "miou_l2": 0.4731886088848114,
  "iou_l0": {
    "background": 0.9355612993240356,
    "body": 0.7768568992614746
  },
  "iou_l1": {
    "background": 0.9356798529624939,
    "upper_body": 0.7777580618858337,
    "lower_body": 0.4622509181499481
  },
  "iou_l2": {
    "background": 0.934956967830658,
    "low_hand": 0.39862558245658875,
    "torso": 0.5408716797828674,
    "low_leg": 0.3191143572330475,
    "head": 0.7980284094810486,
    "up_leg": 0.3845818042755127,
    "up_hand": 0.39790987968444824
  },
  "avg_loss": 0.3827740550041199,
  "avg_ce_l0": 0.13419093614351665,
  "avg_ce_l1": 0.16577214996019998,
  "avg_ce_l2": 0.26626195795569857,
  "avg_consistency": 0.00039144782787056784
}