{
  "loss": 0.4109247296203113,
  "miou_l0": 0.783620297908783,
  "miou_l1": 0.631430983543396,
  "miou_l2": 0.4882502555847168,
  "iou_l0": {
    "background": 0.9369750022888184,
    "body": 0.783620297908783
  },
  "iou_l1": {
    "background": 0.9375686049461365,
    "upper_body": 0.7820436358451843,
    "lower_body": 0.4808182716369629
  },
  "iou_l2": {
    "background": 0.9375517964363098,
    "low_hand": 0.426796555519104,
    "torso": 0.5407435297966003,
    "low_leg": 0.34410837292671204,
    "head": 0.8065003752708435,
    "up_leg": 0.39185619354248047,
    "up_hand": 0.4194965958595276
  },
  "avg_loss": 0.4109247296203113,
  "avg_ce_l0": 0.14811241531625707,
  "avg_ce_l1": 0.18160102389594343,
  "avg_ce_l2": 0.2830179565130396,
  "avg_consistency": 0.0003907718552864348
}
