{
  "loss": 0.3939576438555481,
  "miou_l0": 0.7729581594467163,
  "miou_l1": 0.6093536019325256,
  "miou_l2": 0.4550989866256714,
  "iou_l0": {
    "background": 0.934634804725647,
    "body": 0.7729581594467163
  },
  "iou_l1": {
    "background": 0.9342143535614014,
    "upper_body": 0.7711073160171509,
    "lower_body": 0.447599858045578
  },
  "iou_l2": {
    "background": 0.9334849715232849,
    "low_hand": 0.37506869435310364,
    "torso": 0.5317608118057251,
    "low_leg": 0.3190884590148926,
    "head": 0.7685949802398682,
    "up_leg": 0.3754614293575287,
    "up_hand": 0.36061951518058777
  },
  "avg_loss": 0.3939576438555481,
  "avg_ce_l0": 0.13794819978957482,
  "avg_ce_l1": 0.17037057327040545,
  "avg_ce_l2": 0.27419703437926923,
  "avg_consistency": 0.0004413670869312969
}