{
  "loss": 0.48255712174354715,
  "miou_l0": 0.7844401001930237,
  "miou_l1": 0.6321269869804382,
  "miou_l2": 0.4955461025238037,
  "iou_l0": {
    "background": 0.938532829284668,
    "body": 0.7844401001930237
  },
  "iou_l1": {
    "background": 0.9386471509933472,
    "upper_body": 0.7847538590431213,
    "lower_body": 0.4795001447200775
  },
  "iou_l2": {
    "background": 0.9374680519104004,
    "low_hand": 0.4363800585269928,
    "torso": 0.5537277460098267,
    "low_leg": 0.34356799721717834,
    "head": 0.8104763627052307,
    "up_leg": 0.39992666244506836,
    "up_hand": 0.42919790744781494
  },
  "avg_loss": 0.48255712174354715,
  "avg_ce_l0": 0.13804690196370403,
  "avg_ce_l1": 0.16797758475051705,
  "avg_ce_l2": 0.2827479211573905,
  "avg_consistency": 0.0006524135549767405,
  "avg_dice_l2": 0.4058909898108624,
  "avg_dice_weighted_l2": 0.08117819910353803
}
