{
  "loss": 0.8588636435092764,
  "miou_l0": 0.7820612788200378,
  "miou_l1": 0.6183590888977051,
  "miou_l2": 0.4537876844406128,
  "iou_l0": {
    "background": 0.9368263483047485,
    "body": 0.7820612788200378
  },
  "iou_l1": {
    "background": 0.9362894296646118,
    "upper_body": 0.775609016418457,
    "lower_body": 0.4611091613769531
  },
  "iou_l2": {
    "background": 0.9207239747047424,
    "low_hand": 0.3815234899520874,
    "torso": 0.5174515843391418,
    "low_leg": 0.30479028820991516,
    "head": 0.7605434060096741,
    "up_leg": 0.38344472646713257,
    "up_hand": 0.3749725818634033
  },
  "avg_loss": 0.8588636435092764,
  "avg_ce_l0": 0.13361910249747283,
  "avg_ce_l1": 0.1668093500407875,
  "avg_ce_l2": 0.7397888873485808,
  "avg_consistency": 0.01132649265176861
}