{
  "loss": 0.4458611419437625,
  "miou_l0": 0.7912273406982422,
  "miou_l1": 0.6423931121826172,
  "miou_l2": 0.5096713900566101,
  "iou_l0": {
    "background": 0.9404773712158203,
    "body": 0.7912273406982422
  },
  "iou_l1": {
    "background": 0.9401886463165283,
    "upper_body": 0.7907613515853882,
    "lower_body": 0.4940248727798462
  },
  "iou_l2": {
    "background": 0.9393020868301392,
    "low_hand": 0.4479955732822418,
    "torso": 0.5628816485404968,
    "low_leg": 0.3815949857234955,
    "head": 0.8168848752975464,
    "up_leg": 0.4031016528606415,
    "up_hand": 0.4455694258213043
  },
  "avg_loss": 0.4458611419437625,
  "avg_ce_l0": 0.12739957118710726,
  "avg_ce_l1": 0.15623087388403872,
  "avg_ce_l2": 0.25511055159653334,
  "avg_consistency": 0.0004913414447033342,
  "avg_dice_l2": 0.40343495505921384,
  "avg_dice_weighted_l2": 0.08068699217962881
}
