{
  "loss": 0.44694821208926805,
  "miou_l0": 0.7447539567947388,
  "miou_l1": 0.576791524887085,
  "miou_l2": 0.4331216812133789,
  "iou_l0": {
    "background": 0.9259844422340393,
    "body": 0.7447539567947388
  },
  "iou_l1": {
    "background": 0.9264803528785706,
    "upper_body": 0.7411081194877625,
    "lower_body": 0.4124749004840851
  },
  "iou_l2": {
    "background": 0.9273146986961365,
    "low_hand": 0.3683367669582367,
    "torso": 0.5097343325614929,
    "low_leg": 0.27029556035995483,
    "head": 0.7601362466812134,
    "up_leg": 0.35567882657051086,
    "up_hand": 0.33454811573028564
  },
  "avg_loss": 0.44694821208926805,
  "avg_ce_l0": 0.16207855400886942,
  "avg_ce_l1": 0.20087810737866882,
  "avg_ce_l2": 0.30519905369332495,
  "avg_consistency": 0.003952328026532493
}