{
  "loss": 0.4847216673776613,
  "miou_l0": 0.8262094855308533,
  "miou_l1": 0.6964317560195923,
  "miou_l2": 0.5783959627151489,
  "iou_l0": {
    "background": 0.9513934850692749,
    "body": 0.8262094855308533
  },
  "iou_l1": {
    "background": 0.951325535774231,
    "upper_body": 0.8253961801528931,
    "lower_body": 0.5674673914909363
  },
  "iou_l2": {
    "background": 0.9508568048477173,
    "low_hand": 0.5411378741264343,
    "torso": 0.6217418313026428,
    "low_leg": 0.4792323708534241,
    "head": 0.8470427393913269,
    "up_leg": 0.4620639383792877,
    "up_hand": 0.5191569328308105
  },
  "avg_loss": 0.4847216673776613,
  "avg_ce_l0": 0.11301617527790103,
  "avg_ce_l1": 0.13620665621884326,
  "avg_ce_l2": 0.22694283887638267,
  "avg_consistency": 0.0007144030309876704,
  "avg_dice_l2": 0.320104125966417,
  "avg_dice_weighted_l2": 0.06402082635578535,
  "avg_lovasz_l2": 0.48628876585486935,
  "avg_lovasz_weighted_l2": 0.09725775413796411,
  "avg_tversky_l2": 0.0,
  "avg_tversky_weighted_l2": 0.0
}
