{
  "loss": 0.4680030591098975,
  "miou_l0": 0.8295528292655945,
  "miou_l1": 0.6899080276489258,
  "miou_l2": 0.570430338382721,
  "iou_l0": {
    "background": 0.9517637491226196,
    "body": 0.8295528292655945
  },
  "iou_l1": {
    "background": 0.9514169692993164,
    "upper_body": 0.8241308331489563,
    "lower_body": 0.5556851625442505
  },
  "iou_l2": {
    "background": 0.9513859748840332,
    "low_hand": 0.5217961072921753,
    "torso": 0.6201402544975281,
    "low_leg": 0.451221764087677,
    "head": 0.8424373865127563,
    "up_leg": 0.47748252749443054,
    "up_hand": 0.5095041394233704
  },
  "avg_loss": 0.4680030591098975,
  "avg_ce_l0": 0.10466392731941337,
  "avg_ce_l1": 0.12853081767440688,
  "avg_ce_l2": 0.21054362230901177,
  "avg_consistency": 0.0006255042451889591,
  "avg_consistency_forward": 0.0006255042451889591,
  "avg_consistency_reverse": 0.0006255042451889591,
  "avg_dice_l2": 0.33994289070156447,
  "avg_dice_weighted_l2": 0.06798857907559855,
  "avg_lovasz_l2": 0.4945718193730564,
  "avg_lovasz_weighted_l2": 0.09891436484160153,
  "avg_tversky_l2": 0.0,
  "avg_tversky_weighted_l2": 0.0
}
