{
  "loss": 0.6853146641812426,
  "miou_l0": 0.5569961071014404,
  "miou_l1": 0.3123280704021454,
  "miou_l2": 0.19287700951099396,
  "iou_l0": {
    "background": 0.8717928528785706,
    "body": 0.5569961071014404
  },
  "iou_l1": {
    "background": 0.8688826560974121,
    "upper_body": 0.5532253980636597,
    "lower_body": 0.0714307501912117
  },
  "iou_l2": {
    "background": 0.8642247915267944,
    "low_hand": 0.16551409661769867,
    "torso": 0.32492339611053467,
    "low_leg": 0.0,
    "head": 0.5716617703437805,
    "up_leg": 0.059300974011421204,
    "up_hand": 0.03586180508136749
  },
  "avg_loss": 0.6853146641812426,
  "avg_ce_l0": 0.2501260390941133,
  "avg_ce_l1": 0.30916266682300164,
  "avg_ce_l2": 0.46814975649752516,
  "avg_consistency": 0.00026026777947876366
}
